Year,Month,Day,Time,End Year,End Month,End Day,End Time,Display Date,Headline,Text,Media,Media Credit,Media Caption,Media Thumbnail,Type,Group,Background
,,,,,,,,,,,,,,,,,
,,,,,,,,,Histórico de composição dos Órgãos Judicantes,Percorra a linha do tempo para ver as datas de alterações dos órgãos judicantes,https://drive.google.com/file/d/1yerlrhCUA5QcAlrjOhsMxYP_DvaOkc2M/view?usp=share_link,"Para consultar as datas de alteração, use a seta ao lado","Para ver a composição atual, use a seta abaixo",,title,,
2025,10,9,,,,,,9 de Outubro de 2025,9/10/2025,"<a href="""" title=""levar para link"">  </a>",https://drive.google.com/file/d/1hb373nMwe8lVYJhLCx5DbQNyf8Cl2lAN/view?usp=sharing,https://juslaboris.tst.jus.br/handle/20.500.12178/257517,"ATO SEGJUD.GP N.° 639, DE 9 DE OUTUBRO DE 2025",,,,
2025,9,29,,,,,,29 de Setembro de 2025,29/9/2025,"<a href="""" title=""levar para link"">  </a>",https://drive.google.com/file/d/1sZNjNZIh6VG5qlyy61g9pzXyVNlipDOF/view?usp=sharing,https://juslaboris.tst.jus.br/handle/20.500.12178/257227,"ATO SEGJUD.GP N.° 598, DE 29 DE SETEMBRO DE 2025",,,,
2025,9,26,,,,,,26 de Setembro de 2025,26/9/2025,"<a href="""" title=""levar para link"">  </a>",https://drive.google.com/file/d/155Hws3YEht0J61sfHyyzt0Phpk6Dj_gw/view?usp=sharing,https://juslaboris.tst.jus.br/handle/20.500.12178/256912,"ATO SEGJUD.GP N,° 596, DE 26 DE SETEMBRO DE 2025",,,,
2025,9,23,,,,,,23 de Setembro de 2025,23/9/2025,"<a href=""https://docs.google.com/document/d/17TlW5yS3VZpWmOOXz-NGm4yPMUAipj422tbfAkt91wg/edit?usp=sharing""> ATO SEGJUD.GP N.° 568, DE 23 DE SETEMBRO DE 2025. </a>",https://drive.google.com/file/d/1-JlRmJ3IyVE7nWMUtbIuy_NeS2ktpg71/view?usp=sharing,https://juslaboris.tst.jus.br/handle/20.500.12178/256562,"ATO SEGJUD.GP N.° 568, DE 23 DE SETEMBRO DE 2025",,,,
2025,5,7,,,,,,7 de Maio de 2025,7/5/2025,"<a href=""https://docs.google.com/document/d/1v4d-wQ1JnAy7HP-2Z0Qh5U65dMjin_cB/edit?usp=sharing&ouid=107111240083344253082&rtpof=true&sd=true"" title=""levar para link ""> ATO SEGJUD.GP N.° 235, DE 7 DE MAIO DE 2025. </a>",https://drive.google.com/file/d/1T0R6ElKbxQTpSQq2dYvk-BnAJftYUNgH/view?usp=sharing,https://juslaboris.tst.jus.br/handle/20.500.12178/249457,"ATO SEGJUD.GP  N.° 235, DE 7 DE MAIO DE 2025",,,,
2024,10,17,,,,,,17 de Outubro de 2024,17/10/2024,"<a href=""https://docs.google.com/document/d/10g17GYMkY6Fe0ZGIU6YH3WCJ0s9ApqolnJTAmsX42IY/edit?usp=sharing"" title=""levar para link ""> ATO SEGJUD.GP N.° 562, DE 17 DE OUTRUBRO DE 2024. </a>",https://juslaboris.tst.jus.br/handle/20.500.12178/240415,"ATO SEGJUD.GP N.º 562, DE 17 DE OUTUBRO DE 2024",,,,
2024,8,12,,,,,,12 de Agosto de 2024,12/8/2024,"<a href=""https://docs.google.com/document/d/1shF4ApNCScUEMTELgOVjTTeBRB_nV_Ee17Jj5qqh1Aw/pub""> ATO SEGJUD.GP N.º 428, DE 12 DE AGOSTO DE 2024. </a>",https://juslaboris.tst.jus.br/handle/20.500.12178/236418,"ATO SEGJUD.GP N.º 428, DE 12 DE AGOSTO DE 2024.",,,,
2024,7,2,,,,,,2 de julho de 2024,2/7/2024,"<a href=""https://docs.google.com/document/d/e/2PACX-1vTcu3vFuM1HFDXaOyzER2-dyoJyFZj-2_uXlcOdya34hACe2-M0yrm2ptdowfC_c6M9E7kj3Em3H28y/pub""> ATO SEGJUD.GP Nº 351, DE 2 DE JULHO DE 2024 </a>",https://drive.google.com/file/d/1_2Wf5CKjJYBzJWsaApGrjECmfpJPmAJb/view?usp=sharing,https://juslaboris.tst.jus.br/handle/20.500.12178/234974,"ATO SEGJUD.GP Nº 351, DE 2 DE JULHO DE 2024",,,,
2024,2,9,,,,,,09 de Fevereiro de 2024,9/2/2024,"<a href=""https://docs.google.com/document/d/e/2PACX-1vSGjYZziclp76MpnzL9azjkyo8Wk_K6JCg8zVOu4TSij9N5wSwIMuq4JjOIinLKQVmygX7drrJUkXcu/pub"" title=""levar para link""> ATO SEGJUD.GP Nº 87, DE 9 DE FEVEREIRO DE 2024 </a>",https://juslaboris.tst.jus.br/handle/20.500.12178/228668,"ATO SEGJUD.GP Nº 87, DE 9 DE FEVEREIRO DE 2024",,,,
2024,2,2,,,,,,02 de Fevereiro de 2024,2/2/2024,"<a href=""https://docs.google.com/document/d/e/2PACX-1vQmAhuAWpge-0JdZ8qy3W3bjv5uSLsUkLiW7erpH-2gEmz8yTvoy6vVsMlAr1SQiNo2acP5oegodBXw/pub"" title=""levar para link""> ATO SEGJUD.GP N° 67, DE 2 DE FEVEREIRO DE 2024. </a>
",https://drive.google.com/file/d/1yMvGSnqEKjaxcsZ-N6NYitL7PVeCkXQ-/view?usp=sharing,https://juslaboris.tst.jus.br/handle/20.500.12178/228514,"ATO SEGJUD.GP N° 67, DE 2 DE FEVEREIRO DE 2024.",,,,
2023,5,8,,,,,,08 de Maio de 2023,8/5/2023,"<a href=""https://docs.google.com/document/d/e/2PACX-1vSmJn9dC3U42bLaku01LUUXXGCWq1LRkNI2IKtz9Ho51O1Y4zEQnwOX7F1yhwWveRB3J19f2WzdS4mh/pub"" title=""levar para link""> ATO SEGJUD.GP Nº 239, DE 8 DE MAIO DE 2023.</a>
",https://drive.google.com/file/d/1K3nr8J_-J2zlGjY1alsDWgg640E_QEHw/view?usp=share_link,https://juslaboris.tst.jus.br/handle/20.500.12178/215453,"ATO SEGJUD.GP Nº 239, DE 8 DE MAIO DE 2023.",,,,
2023,4,19,,,,,,19 de Abril de 2023,19/4/2023,"<a href=""https://docs.google.com/document/d/e/2PACX-1vToj6nu32QUnnjEKKjFXXhsQTwUjdz5RvgDKjLF-tyswPTdfjw5ktKxiMAhQQVAO8ThO-2PcXxS-vOj/pub"" title=""levar para link""> ATO SEGJUD.GP Nº 196, DE 19 DE ABRIL DE 2023.</a>",https://drive.google.com/file/d/1nV1-ot8Jo_eG0Fwu0phlmxvo7lUHrgrj/view?usp=share_link,https://juslaboris.tst.jus.br/handle/20.500.12178/214193,"ATO SEGJUD.GP Nº 196, DE 19 DE ABRIL DE 2023.",,,,
2023,3,26,,,,,,26 de Março de 2023,26/3/2023,"<a href=""https://docs.google.com/document/d/e/2PACX-1vSMWPjNELNwJbkZF4JwXYNZZwHvpCCOqVzCf8yWQMCzsouIUTAYJeDaTYgxKd5AqVbOxPiZfKgPpO8C/pub"" title=""levar para link""> ATO SEGJUD.GP Nº 153, DE 27 DE MARÇO DE 2023.</a>",https://drive.google.com/file/d/11nMz0FMAhF9bBFW7tfbtQQqa1y_jfSq4/view?usp=share_link,https://juslaboris.tst.jus.br/handle/20.500.12178/213290,"ATO SEGJUD.GP Nº 153, DE 27 DE MARÇO DE 2023.",,,,
2023,3,1,,,,,,01 de Março de 2023,1/3/2023,"<a href=""https://docs.google.com/document/d/e/2PACX-1vSBA-vWEdrHu1guEKJgqOv2P23O1tPmCCyGGeFBVfrD9C8BwvKuPiC2Y2NBPXaSb9Q1SDmhrYPHdDX9/pub"" title=""levar para link""> ATO SEGJUD.GP Nº 98, DE 1º DE MARÇO DE 2023. </a>",https://drive.google.com/file/d/1k36JGR6EK1avYCOWy_f4uJVShY6SSPJq/view?usp=share_link,https://juslaboris.tst.jus.br/handle/20.500.12178/212415,"ATO SEGJUD.GP Nº 98, DE 1º DE MARÇO DE 2023.",,,,
2023,2,17,,,,,,17 de Fevereiro de 2023,17/2/2023,"<a href=""https://docs.google.com/document/d/e/2PACX-1vRwFvDnrq8e8szIpTaVX0dY5s9sAH3mvR9a7OT5mtnV7JLqVRWwVZsQSUTJPmWHduK8Hmqe7EdRHcJw/pub"" title=""levar para link""> ATO SEGJUD.GP N° 69, DE 17 DE FEVEREIRO DE 2023.</a>",https://drive.google.com/file/d/1-cg6qLbq9RB_Y7x8w-5G6DlSJd2YvK7Q/view?usp=share_link,https://juslaboris.tst.jus.br/handle/20.500.12178/212134,"ATO SEGJUD.GP N° 69, DE 17 DE FEVEREIRO DE 2023.",,,,
2022,12,19,,,,,,19 de Dezembro de 2022,19/12/2022,"<a href=""https://docs.google.com/document/d/e/2PACX-1vRiBkPCjSOzSOF4OLdF1MiN2OUUZkrE-cayBBgXsKjyIeVTxRkhdywRnBcFH2zicZepzaqxE_SycO6k/pub"" title=""levar para link""> ATO SEGJUD.GP N° 784, DE 19 DE DEZEMBRO DE 2022. </a>",https://drive.google.com/file/d/1hsnT_R10t3I8cjNv4z123IgXbGg75gnc/view?usp=share_link,https://juslaboris.tst.jus.br/handle/20.500.12178/210196,"ATO SEGJUD.GP N° 784, DE 19 DE DEZEMBRO DE 2022.",,,,
2022,10,27,,,,,,27 de Outubro de 2022,27/10/2022,"<a href=""https://docs.google.com/document/d/e/2PACX-1vRUvG3oc9Wg5aTxJhtyaWPthx9AdX-WkMqL9XV1y3b7MR6_M1CGOATpcdBqOdVJ4fHKfkphGB6iTYMQ/pub"" title=""levar para link"">ATO SEGJUD.GP N° 665, DE 27 DE OUTUBRO DE 2022.  </a>",https://drive.google.com/file/d/1scTRJsEshXRc1zX824Fy1OkCHcobKVRl/view?usp=share_link,https://juslaboris.tst.jus.br/handle/20.500.12178/208533,"ATO SEGJUD.GP N° 665, DE 27 DE OUTUBRO DE 2022.",,,,
2022,10,21,,,,,,21 de Outubro de 2022,21/10/2022,"<a href=""https://docs.google.com/document/d/e/2PACX-1vTxX5o0i6iggPDjgiNHIfMDSP11Bhz79SOEE9pndX1KWnLMrIELRSn_laDSftzzejX2EJ0nxIOFHdKj/pub"" title=""levar para link""> ATO SEGJUD.GP N° 651, DE 21 DE OUTUBRO DE 2022. </a>",https://drive.google.com/file/d/1QUTsqPYCFybK_kiTELlMP6715KGuSBS_/view?usp=share_link,https://juslaboris.tst.jus.br/handle/20.500.12178/208413,"ATO SEGJUD.GP N° 651, DE 21 DE OUTUBRO DE 2022.",,,,
2022,10,17,,,, ,,17 de Outubro de 2022,17/10/2022,"<a href=""https://docs.google.com/document/d/e/2PACX-1vQlhAy2hyAZZ2lgEdeNreX86G7NyP7Xu0z4Fh3v0-uqQKKr-kV8Vtj5T2Nqs8gFXM7diE69O0WhJh4O/pub"" title=""levar para link""> ATO SEGJUD.GP N° 641, DE 17 DE OUTUBRO DE 2022. </a>",https://drive.google.com/file/d/1oRixb6p7QFKFSGl0ZZG9WGho-oDHFwu4/view?usp=share_link,https://juslaboris.tst.jus.br/handle/20.500.12178/208116,"ATO SEGJUD.GP N° 641, DE 17 DE OUTUBRO DE 2022.",,,,
2022,10,14,,,,,,14 de Outubro de 2022,14/10/2022,"<a href=""https://docs.google.com/document/d/e/2PACX-1vQw1tawl35IdcPjutW58AiLsncAauBz1f-ibohHW6l308nSjVm-a9v_luopkSmfDLwfgyj0hFeV5Uo5/pub"" title=""levar para link""> ATO SEGJUD.GP N° 634, DE 14 DE OUTUBRO DE 2022. </a>",https://drive.google.com/file/d/11q7tEipPJn6nDImPlUk_3d3GZreA3PMj/view?usp=share_link,https://juslaboris.tst.jus.br/handle/20.500.12178/208034,"ATO SEGJUD.GP N° 634, DE 14 DE OUTUBRO DE 2022.",,,,
2022,5,19,,,,,,19 de Maio de 2022,19/5/2022,"<a href=""https://docs.google.com/document/d/e/2PACX-1vSx617E2SCnt1LTqbWIJEK1yhkmqwRz3vOY9Taxw09jY6P2hYclXg7gn1-dKqmHgr0t79YcVlPiLcDU/pub"" title=""levar para link""> ATO SEGJUD.GP N° 238, DE 19 DE MAIO DE 2022.  </a>",https://drive.google.com/file/d/1JTQQ57Q_W4c1JV2TlWnAVvQ0oX1nY1EK/view?usp=share_link,https://juslaboris.tst.jus.br/handle/20.500.12178/200993,"ATO SEGJUD.GP N° 238, DE 19 DE MAIO DE 2022.",,,,
2022,2,24,,,,,,24 de Fevereiro de 2022,24/2/2022,"<a href=""https://docs.google.com/document/d/e/2PACX-1vT7zo3MBkXtrnlOACuzsJPuJdbfjzGoCn_ZUDoxkGGMDnImfl08mT4ltlH7kIiIY2CNDxjW3b41u5cm/pub"" title=""levar para link""> ATO SEGJUD.GP N° 85, DE 24 DE FEVEREIRO DE 2022. </a>",https://drive.google.com/file/d/1nfT4Xd6YYDm83yk_3eCDFIzMaU_oFGQT/view?usp=share_link,https://juslaboris.tst.jus.br/handle/20.500.12178/197453,"ATO SEGJUD.GP N° 85, DE 24 DE FEVEREIRO DE 2022.",,,,
2022,2,17,,,,,,17 de Fevereiro de 2022,17/2/2022,"<a href=""https://docs.google.com/document/d/e/2PACX-1vQ0bOyZyTg-EM3qge8AYvWYUe205PJ7yoqwdIMFKK0N_FkKyZLdW3AnjcWUJ_HE_7-wWSymYwUErn7X/pub"" title=""levar para link""> ATO SEGJUD.GP N° 79, DE 17 DE FEVEREIRO DE 2022 </a>",https://drive.google.com/file/d/1tbhlWLMoUmEHVAyorUShr69h5Dvzkwzq/view?usp=share_link,https://juslaboris.tst.jus.br/handle/20.500.12178/197273,"ATO SEGJUD.GP N° 79, DE 17 DE FEVEREIRO DE 2022",,,,
2021,12,22,,,,,,22 de Dezembro de 2021,22/12/2021,"<a href=""https://docs.google.com/document/d/e/2PACX-1vQqYEm4FU_0nyeAVyD6pn_naFqWNOMSiSJYzsR6BnzUwh93Sg8QyNZSAffHfCN4nTNIblIDw83_vs8a/pub"" title=""levar para link""> ATO SEGJUD.GP N° 356, DE 22 DE DEZEMBRO DE 2021.  </a>",https://drive.google.com/file/d/11_SGA_nUlLaaqZFLxyP2bx8h7uDUkTwK/view?usp=share_link,https://juslaboris.tst.jus.br/handle/20.500.12178/196471,"ATO SEGJUD.GP N° 356, DE 22 DE DEZEMBRO DE 2021.",,,,
2021,11,8,,,,,,8 de Novembro de 2021,8/11/2021,"<a href=""https://docs.google.com/document/d/e/2PACX-1vR9m3KVJCO6itnqTP89CPSywWEeq7yaLg6kQRwmEq43uszkePCRfZLaNjzlPa_ubKVUCNwkOQ3LT98Z/pub"" title=""levar para link""> ATO SEGJUD.GP N° 302, DE 8 DE NOVEMBRO DE 2021. </a>",https://drive.google.com/file/d/1e972F0PjMvHHUi2oZS3jetFNryRrzzOm/view?usp=share_link,https://juslaboris.tst.jus.br/handle/20.500.12178/195054,"ATO SEGJUD.GP N° 302, DE 8 DE NOVEMBRO DE 2021.",,,,
2021,7,22,,,,,,22 de Julho de 2021,22/7/2021,"<a href=""https://docs.google.com/document/d/e/2PACX-1vRAgr9IcVhXc6kbEK5cjO2bt2VHZhpVI2k0IlKLc8Jdyzoz8qJsSLMXXqsVVBP-ILH6fzbiZlzi_wMz/pub"" title=""levar para link""> ATO SEGJUD.GP N° 179, DE 22 DE JULHO DE 2021. </a>",https://drive.google.com/file/d/12hMl8RxFTZ4YTnUYH8sFLJNYrjrQCdmH/view?usp=share_link,https://juslaboris.tst.jus.br/handle/20.500.12178/190022,"ATO SEGJUD.GP N° 179, DE 22 DE JULHO DE 2021.",,,,
2021,6,4,,,,,,4 de Junho de 2021,4/6/2021,"<a href=""https://docs.google.com/document/d/e/2PACX-1vQ09Mi3Xb4NVeQdqCTvO7cSgAPAJP2YISsL3gePNZfLiw1qSy_aV6jydk2a9xdxtS21jOv0QnwEnBJx/pub"" title=""levar para link""> ATO SEGJUD.GP N° 130, DE 4 DE JUNHO DE 2021. </a>",https://drive.google.com/file/d/143Aw-v4vZvG6ubnbUg8BEAVoj96Oz0To/view?usp=share_link,https://juslaboris.tst.jus.br/handle/20.500.12178/187072,"ATO SEGJUD.GP N° 130, DE 4 DE JUNHO DE 2021.",,,,
2021,3,26,,,,,,26 de Março de 2021,26/3/2021,"<a href=""https://docs.google.com/document/d/e/2PACX-1vRQy8_4VhWRoqyvpG0F92vGvl3zO4bavooxkvEKDvOg5o3iJNX7GQRfLYdxGrjySNsZwyiZXOJ_62fX/pub"" title=""levar para link"">ATO SEGJUD.GP N° 59, DE 26 DE MARÇO DE 2021.</a>",https://drive.google.com/file/d/1Nvq7nRQaJJ2aGoZ8Aa16WuFoX4w5Xsgo/view?usp=share_link,https://juslaboris.tst.jus.br/handle/20.500.12178/183650,"ATO SEGJUD.GP N° 59, DE 26 DE MARÇO DE 2021.",,,,
2021,3,10,,,,,,10 de Março de 2021,10/3/2021,"<a href=""https://docs.google.com/document/d/e/2PACX-1vQgXm2JWqEK7xrDlxkhlr23WT8z6WCr4WDi-4gfIAru9c3qpzjp70Mr_7EzWOW4jdnUTWZVNKm6obpq/pub"" title=""levar para link"">ATO SEGJUD.GP N° 42, DE 10 DE MARÇO DE 2021.</a>",https://drive.google.com/file/d/1Ft5ei46id4BJbAqQAFZ80AO_Y5hAeJ24/view?usp=share_link,https://juslaboris.tst.jus.br/handle/20.500.12178/182675,"ATO SEGJUD.GP N° 42, DE 10 DE MARÇO DE 2021.",,,,
2020,8,12,,,,,,12 de Agosto de 2020,12/8/2020,"<a href="""" title=""levar para link"">  </a>",https://drive.google.com/file/d/17O_f0C4xbJA3GRwrPHs3VUUVSD4hABPh/view?usp=share_link,https://juslaboris.tst.jus.br/handle/20.500.12178/176011,"ATO SEGJUD.GP N° 323, DE 12 DE AGOSTO DE 2020",,,,
2020,3,13,,,,,,13 de Março de 2020,13/3/2020,"<a href=""https://docs.google.com/document/d/e/2PACX-1vRdve4p0-jI0rpexyTf2hLlxFKcs0JHoitdYdxIfQSyig1em0Gr9bMjO5XEe2RI9m_Gp3TbutElOFw7/pub"" title=""levar para link""> ATO SEGJUD.GP N° 125, DE 13 DE MARÇO DE 2020. </a>",https://drive.google.com/file/d/18PQ7IFFBfRUz3Fu6iujhNEgkro_1jP37/view?usp=share_link,https://juslaboris.tst.jus.br/handle/20.500.12178/169351,"ATO SEGJUD.GP N° 125, DE 13 DE MARÇO DE 2020.",,,,
2019,10,4,,,,,,4 de Outubro de 2019,4/10/2019,"<a href=""https://docs.google.com/document/d/e/2PACX-1vTy7Z3JlLeddXRpItErtSg6MntFOoQOo7a7mowXm5C7Bj_vaqjd_kkpssaVDIYf83MHoIgNipaPxGBO/pub"" title=""levar para link"">ATO SEGJUD.GP N°388, DE 4 DE OUTUBRO DE 2019</a>",https://drive.google.com/file/d/1VFuhVpAUsDXl6OBNfitEAswLFsuPdNNr/view?usp=share_link,https://juslaboris.tst.jus.br/handle/20.500.12178/162935,"ATO SEGJUD.GP N°388, DE 4 DE OUTUBRO DE 2019",,,,
2019,7,5,,,,,,5 de Julho de 2019,5/7/2019,"<a href=""https://docs.google.com/document/d/e/2PACX-1vTpyC8mO-sGgzpPdEDaAh-eFoUzK0b6beMyVof0757XOsp0btdgZUNtGQyYsaBjvIoMcQHYRbqryCMX/pub"" title=""levar para link""> ATO SEGJUD.GP N° 241, DE 5 DE JULHO DE 2019 </a>",https://drive.google.com/file/d/1pThPYqraTsLXWjjpCxVB2eVDNZ4cl0LK/view?usp=share_link,https://juslaboris.tst.jus.br/handle/20.500.12178/158531,"ATO SEGJUD.GP N° 241, DE 5 DE JULHO DE 2019",,,,
2019,3,25,,,,,,25 de Março de 2019,25/3/2019,"<a href=""https://docs.google.com/document/d/e/2PACX-1vTn7ICKdy5Mfkcst-xsL2uUYK2V6WexJBIZKADi3we3VXW8ZYiA5TLTuKcradwxlPGtjJOSyO4GXD3d/pub"" title=""levar para link"">ATO SEGJUD.GP N° 95, DE MARÇO DE 2019</a>",https://drive.google.com/file/d/16tX3Xc-pcm_lSlEp3-pDma-3-oNKsIle/view?usp=share_link,https://juslaboris.tst.jus.br/handle/20.500.12178/152531,"ATO SEGJUD.GP N° 95, DE MARÇO DE 2019",,,,
2019,1,4,,,,,,4 de Janeiro de 2019,4/1/2019,"<a href=""https://docs.google.com/document/d/e/2PACX-1vTWTd0cMzgtL_dJGfT0_s7rhZYN64zwMmpvLFqfEHwR6k2BzotF7el-TZ0NMPKBK1_-eKDZmd2_Kc5q/pub"" title=""levar para link"">ATO SEGJUD.GP N° 5, DE 4 DE JANEIRO DE 2019</a>",https://drive.google.com/file/d/1QPh-OWyQJegtYADA0GY1miAF8sdXCKxV/view?usp=share_link,https://juslaboris.tst.jus.br/handle/20.500.12178/148223,"ATO SEGJUD.GP N° 5, DE 4 DE JANEIRO DE 2019",,,,
2018,12,5,,,,,,5 de Dezembro de 2018,5/12/2018,"<a href=""https://docs.google.com/document/d/e/2PACX-1vQWG-7wE2XIYzzaEmcC6B0Pww1t7xuUSCZn-cwdzJdaAkUmHuNfKpOV3M6y50eWdWfXfQIjICn8zSNO/pub"" title=""levar para link""> ATO SEGJUD.GP N° 538, DE 5 DE DEZEMBRO DE 2018 </a>",https://drive.google.com/file/d/13P2G2GbyzQf31PrMKT-xf1CvPWjGeeds/view?usp=share_link,https://juslaboris.tst.jus.br/handle/20.500.12178/147657,"ATO SEGJUD.GP N° 538, DE 5 DE DEZEMBRO DE 2018",,,,
2018,8,28,,,,,,28 de Agosto de 2018,28/8/2018,"<a href=""https://docs.google.com/document/d/e/2PACX-1vSpKzuDraZBXlxMi36ZF4W4aQHZMsexZdgZ4iw5hfDZfo8rglLwC3PArgqr4trdP5tDTu4Xw4GK40oR/pub"" title=""levar para link""> ATO SEGJUD.GP N° 387, DE 28 DE AGOSTO DE 2018 </a>",https://drive.google.com/file/d/1ujdyUdlW75SzkHGk6RaHHc7ktjkCnNxD/view?usp=share_link,https://juslaboris.tst.jus.br/handle/20.500.12178/143491,"ATO SEGJUD.GP N° 387, DE 28 DE AGOSTO DE 2018",,,,
2018,4,5,,,,,,5 de Abril de 2018,5/4/2018,"<a href=""https://docs.google.com/document/d/e/2PACX-1vSU0Dpl5506oyj1SQeI6_AG2Hs2b4HiFxpKJX6kvkN3HKf74o1LX3lvE8jNU-HJuoLxl00eaDLhUo-v/pub"" title=""levar para link""> ATO N° 165/SEGJUD.GP, DE 5 DE ABRIL DE 2018 </a>",https://drive.google.com/file/d/110rulW3VSx20yjeVw4Y3yKlCHMXsPOLb/view?usp=share_link,https://juslaboris.tst.jus.br/handle/20.500.12178/128649,"ATO N° 165/SEGJUD.GP, DE 5 DE ABRIL DE 2018",,,,
2018,3,14,,,,,,14 de Março de 2018,14/3/2018,"<a href=""https://docs.google.com/document/d/e/2PACX-1vTeIh_ADWJe1gx37p30HLvrLSTtXjtUTQ9Zw6njn_0rCE3i4W3ygqOuT8QoQVfjkBUNykzWKQoP45uw/pub"" title=""levar para link""> ATO N° 121/SEGJUD.GP, DE 14 DE MARÇO DE 2018 </a>",https://drive.google.com/file/d/16F66sLPpK-7uhbowYNi7TWCihbrkeYhl/view?usp=share_link,https://juslaboris.tst.jus.br/handle/20.500.12178/127129,"ATO N° 121/SEGJUD.GP, DE 14 DE MARÇO DE 2018",,,,
2017,12,5,,,,,,5 de Dezembro de 2017,5/12/2017,"<a href=""https://docs.google.com/document/d/e/2PACX-1vQzhdtNV5b_S1qlZBhgKGRRylmW_af5zeTZKUhkhzdAGfzZj5Maq8aijW_czFYS2owFbnTca3GGOsmV/pub"" title=""levar para link"">  ATO N°640/SEGJUD.GP, DE 5 DE DEZEMBRO DE 2017</a>",https://drive.google.com/file/d/1L09-0ZwytwbIx6-9_vuW7cq788sqXXuG/view?usp=share_link,https://juslaboris.tst.jus.br/handle/20.500.12178/121309,"ATO N°640/SEGJUD.GP, DE 5 DE DEZEMBRO DE 2017",,,,
2017,11,22,,,,,,22 de Novembro de 2017,22/11/2017,"<a href=""https://docs.google.com/document/d/e/2PACX-1vRnveSzE-lKMtAW7PHyvQieb6vK0WZnRSi51E6ojOvn2CgXok5yatJhkwkVXwrkmthuBllKfnZ7cHsx/pub"" title=""levar para link""> ATO N° 608/SEGJUD.GP, DE NOVEMBRO DE 2017 </a>",https://drive.google.com/file/d/1QxdlNw0Cve9wG3uXe5HxVqRlr4nj3bqZ/view?usp=share_link,https://juslaboris.tst.jus.br/handle/20.500.12178/115990,"ATO N° 608/SEGJUD.GP, DE NOVEMBRO DE 2017",,,,
2017,11,13,,,,,,13 de Novembro de 2017,13/11/2017,"<a href=""https://docs.google.com/document/d/e/2PACX-1vRlQ0_k36srD-Nh-Z75rGhM65eadH4GalH6GjnlJoQVQJKxkus7I_iSXif6InLSX7uPaIS4dYdhBR3K/pub"" title=""levar para link"">ATO N° 594/ SEGJUD.GP, DE 13 DE NOVEMBRO DE 2017  </a>",https://drive.google.com/file/d/1NyqREzsuyn-luP9UYuHOLsHdYastBLV9/view?usp=share_link,https://juslaboris.tst.jus.br/handle/20.500.12178/115469,"ATO N° 594/ SEGJUD.GP, DE 13 DE NOVEMBRO DE 2017",,,,
2017,9,13,,,,,,13 de Setembro de 2017,13/9/2017,"<a href=""https://docs.google.com/document/d/e/2PACX-1vTOPecbQm_t6-_S79WDJnkAZmsm_ikU6Jm97i8YJLjwuESu4NQ_y2L7LRwPY3q3gMu5DqoGDHadCKgV/pub"" title=""levar para link"">  ATO N° 464/SEGJUD.GP, DE 13 DE SETEMBRO DE 2017. </a>",https://drive.google.com/file/d/1MIFrbztZYn10Ja2vFa5l3lDsmpW1C-fH/view?usp=share_link,https://juslaboris.tst.jus.br/handle/20.500.12178/111176,"ATO N° 464/SEGJUD.GP, DE 13 DE SETEMBRO DE 2017",,,,
2017,8,4,,,,,,4 de Agosto de 2017,4/8/2017,"<a href=""https://docs.google.com/document/d/e/2PACX-1vQ5g23CzDLi_glhZjl43XgxwmPKhVjuO9txcQ13MT-kdMC0BNMJSd4nFGhMLlSevLkfuUCX9JB5iIlW/pub"" title=""levar para link""> ATO N° 392/SEGJUD.GP, DE 4 DE AGOSTO DE 2017 </a>",https://drive.google.com/file/d/1cFXPedohBL77SWOCSe7r9pAC3FT-cu4E/view?usp=share_link,https://juslaboris.tst.jus.br/handle/20.500.12178/109024,"ATO N° 392/SEGJUD.GP, DE 4 DE AGOSTO DE 2017",,,,
2017,3,13,,,,,,13 de Março de 2017,13/3/2017,"<a href=""https://docs.google.com/document/d/e/2PACX-1vTYnrx3bb4Z-8Zca2jgdNiD_TlQ5L2nrM2uVPNgnEZ_crgdeA3ULI3BeUh3HuoVAtEZ7s0GIyFThg-v/pub"" title=""levar para link""> ATON° 111/SEGJUD.GP, DE 13 DE MARÇO DE 2017 </a>",https://drive.google.com/file/d/1t7w_6-u04RqiKFCD4Vymlw2t28o1go_2/view?usp=share_link,https://juslaboris.tst.jus.br/handle/20.500.12178/101879,"ATO N° 111/SEGJUD.GP, DE 13 DE MARÇO DE 2017",,,,
2016,8,16,,,,,,16 de Agosto de 2016,16/8/2016,"<a href=""https://docs.google.com/document/d/e/2PACX-1vTIhD0w1SdyHpXx9rmrUjkTSCd-dRa_AN7f7fgQ27vkb0MbOTl7Do3VmRZ4jg0xLv6CvVxD6-xTQOJK/pub"" title=""levar para link""> ATO N° 383/SEGJUD.GP, DE 16 DE AGOSTO DE 2016 </a>",https://drive.google.com/file/d/10EznTxzrPdPQ9R4CBrqhxWUQHIrH8I7g/view?usp=share_link,https://juslaboris.tst.jus.br/handle/20.500.12178/93442,"ATO N° 383/SEGJUD.GP, DE 16 DE AGOSTO DE 2016",,,,
2016,8,8,,,,,,8 de Agosto de 2016,8/8/2016,"<a href=""https://docs.google.com/document/d/e/2PACX-1vRPxgSwLK8Ja1gq5cd_nxQHxRy3shhzpthcoMozgupRcvMcSa80jRWfYF4dVwCqhsXwSrDaGUA2fvRN/pub"" title=""levar para link""> ATO N° 371/SEGJUD.GP, DE 8 DE AGOSTO DE 2016 </a>",https://drive.google.com/file/d/1uGxuQ4lSGxqzcsynDDH-0SbOEwRV7saq/view?usp=share_link,https://juslaboris.tst.jus.br/handle/20.500.12178/92742,"ATO N° 371/SEGJUD.GP, DE 8 DE AGOSTO DE 2016",,,,
2016,5,7,,,,,,7 de Maio de 2016,7/5/2016,"<a href=""https://docs.google.com/document/d/e/2PACX-1vQ-2HFJ4AwWvcwMgfhGHqoA5rtaclCDLuGkwAkY6q3eiFw-muS2hzjn6TwpEnP1mja1gzr1QLrYqLUG/pub"" title=""levar para link"">ATO N°228/SEGJUD.GP, DE 7 DE MAIO DE 2016 </a>",https://drive.google.com/file/d/1wZTgQNck54rUs0f0gm9csTohQNvywd7D/view?usp=share_link,https://juslaboris.tst.jus.br/handle/20.500.12178/85144,"ATO N°228/SEGJUD.GP, DE 7 DE MAIO DE 2016",,,,
2016,5,2,,,,,,2 de Maio de 2016,2/5/2016,"<a href=""https://docs.google.com/document/d/e/2PACX-1vTru9iIcjziN7CqhiZStEuWvmUCjiDtZ6aqA6M_TaJ6bGJ6pi08wTK2e52HOs8KtHSEFjVCK3ASIbwx/pub"" title=""levar para link"">ATO N°214/SEGJUD.GP, DE 2 DE MAIO DE 2016</a>",https://drive.google.com/file/d/1NWoY0dDTpkPtIt6cC6aXDaoVBKE69kUL/view?usp=share_link,https://juslaboris.tst.jus.br/handle/20.500.12178/84642,"ATO N°214/SEGJUD.GP, DE 2 DE MAIO DE 2016",,,,
2016,3,29,,,,,,29 de Março de 2016,29/3/2016,"<a href=""https://docs.google.com/document/d/e/2PACX-1vS536PqMwl-WNFL49sdKdbGFO7JuAcf3c3ghBjm1fkS9jdAVUKEl16w7nYHIYbAKyJ9B47TdqxS76VX/pub"" title=""levar para link"">  ATO N° 156/SEGJUD.GP, DE 29 DE MARÇO DE 2016</a>",https://drive.google.com/file/d/12DIz61gmrjzRVk5HydQzYdNRt9IJUJjQ/view?usp=share_link,https://juslaboris.tst.jus.br/handle/20.500.12178/82342,"ATO N° 156/SEGJUD.GP, DE 29 DE MARÇO DE 2016",,,,
2016,3,3,,,,,,3 de Março de 2016,3/3/2016,"<a href=""https://docs.google.com/document/d/e/2PACX-1vRFf23ww0F0LFBSk0WikSHp6hoTvd5bwwU_oF5_ngAhoDcQEwiqgrqh8czy5ziFDpG2yw-5ybhANlss/pub"" title=""levar para link"">ATO N° 128/SEGJUD.GP, 3 DE MARÇO DE 2016 </a>",https://drive.google.com/file/d/1RgjU7h2CgoldarAgDlmGv8mUYzBpeqZu/view?usp=share_link,https://juslaboris.tst.jus.br/handle/20.500.12178/81242,"ATO N° 128/SEGJUD.GP, 3 DE MARÇO DE 2016 ",,,,
2016,2,26,,,,,,26 de Fevereiro de 2016,26/2/2016,"<a href=""https://docs.google.com/document/d/e/2PACX-1vTjGinPV4KWmsJ-oTWNFHM2rpxh6LvShQz67tyJrDs5C5xBAjTXu4_-iLvPCFs4GNkFH_sJoongE-xq/pub"" title=""levar para link""> ATO N° 120/SEGJUD.GP, DE 26 DE FEVEREIRO DE 2016  </a>",https://drive.google.com/file/d/10nILTToTdvVW5KSiFah1KwDYZVOeeiOo/view?usp=share_link,https://juslaboris.tst.jus.br/handle/20.500.12178/79892,"ATO N° 120/SEGJUD.GP, DE 26 DE FEVEREIRO DE 2016",,,,
2015,8,24,,,,,,24 de Agosto de 2015,24/8/2015,"<a href=""https://docs.google.com/document/d/e/2PACX-1vTlDh183E2fgvEJZlgDlCBtnY8Ykq6qVMs4WMO3ggJPLELp1VfXi0D-FJ_2-aPvvUP_OvXRiaLCQWwL/pub"" title=""levar para link"">ATO N° 463/SEGJUD.GP, DE 24 DE AGOSTO DE 2015</a>",https://drive.google.com/file/d/1W6CpPU_oChqxbF_yK4qMkhhQtSsMtubD/view?usp=share_link,https://juslaboris.tst.jus.br/handle/20.500.12178/66980,"ATO N° 463/SEGJUD.GP, DE 24 DE AGOSTO DE 2015",,,,
2015,6,18,,,,,,18 de Junho de 2015,18/06/2015,"<a href=""https://docs.google.com/document/d/e/2PACX-1vTdA5YBeznKTKXhdDYnjlX1sMUtvPzp66Dq2EB6Wyzt4aF4ifzJLJbCnXQzWqIVxFtQJfaAH63-1l-h/pub"" title=""levar para link""> ATO N° 356/SEGJUD.GP, DE 18 DE JUNHO DE 2015 </a>",https://drive.google.com/file/d/1FgDeo82OYLYeIXUV1X4TrKDzzsr8TYtH/view?usp=share_link,https://juslaboris.tst.jus.br/handle/20.500.12178/64580,"ATO N° 356/SEGJUD.GP, DE 18 DE JUNHO DE 2015",,,,
2015,5,4,,,,,,4 de Maio de 2015,4/5/2015,"<a href="""" title=""levar para link"">  </a>",https://drive.google.com/file/d/1w_mmTfjPh7g18Nyc4lDITuVbPuIZ8uUs/view?usp=share_link,https://juslaboris.tst.jus.br/handle/20.500.12178/61380,"ATO N° 244/SEGJUD.GP, DE 4 DE MAIO DE 2015",,,,
2015,4,13,,,,,,13 de Abril de 2015,13/4/2015,"<a href=""https://docs.google.com/document/d/e/2PACX-1vTpIf7bvTHiIQ3616p1HUwhxKPlsiXDO_JMtcoUBHI6xraA_aCUopI43AaoiX71-a5UxD6A8RyXgI_K/pub"" title=""levar para link""> ATO N° 183/SEGJUD.GP, DE 13 DE ABRIL DE 2015 </a>",https://drive.google.com/file/d/1yTDesjVxs7rVSUQR7mm-zpz3YFhj8t68/view?usp=share_link,https://juslaboris.tst.jus.br/handle/20.500.12178/60380,"ATO N° 183/SEGJUD.GP, DE 13 DE ABRIL DE 2015",,,,
2015,3,13,,,,,,13 de Março de 2015,13/3/2015,"<a href=""https://docs.google.com/document/d/e/2PACX-1vThOcwS8iavyD6jUd5hBOrYuu35iafSUxnhCsbRXfrfsK_hcTj2HOSJmZYGiQRQPLP7u2MPUwnegs-I/pub"" title=""levar para link"">  ATO N° 130/SEGJUD.GP, DE 13 DE MARÇO DE 2015</a>",https://drive.google.com/file/d/192809jde_e_W42hJ8wCUjaZA337Ite7a/view?usp=share_link,https://juslaboris.tst.jus.br/handle/20.500.12178/58883,"ATO N° 130/SEGJUD.GP, DE 13 DE MARÇO DE 2015",,,,
2015,2,2,,,,,,2 de Fevereiro de 2015,2/2/2015,"<a href=""https://docs.google.com/document/d/e/2PACX-1vSXufdN83hMwOn0eGKTzt8RNhpCOCrGHfPCe40n07_YIwCE9aqMh0DAFJ_ZG1Z88__Eup_VjHCAZXnU/pub"" title=""levar para link"">ATO N° 47 /SEGJUD, DE 2 DE FEVEREIRO DE 2015</a>",https://drive.google.com/file/d/1leLCl81G6ckhbdeUhN-vUg_GH5867U0z/view?usp=share_link,https://juslaboris.tst.jus.br/handle/20.500.12178/56331,"ATO N° 47 /SEGJUD, DE 2 DE FEVEREIRO DE 2015",,,,
2014,4,23,,,,,,23 de Abril de 2014,23/4/2014,"<a href="""" title=""levar para link"">  </a>",https://drive.google.com/file/d/1gF3au7t92epJPTd9J06xAEWONOV257p1/view?usp=share_link,https://juslaboris.tst.jus.br/handle/20.500.12178/38904,"ATO N° 218/SEGJUD.GP, DE 23 DE ABRIL DE 2014",,,,
2014,3,17,,,,,,17 de Março de 2014,17/03/2014,"<a href=""https://docs.google.com/document/d/e/2PACX-1vQO16xH1BnBfOrtSGtvtOQKrbrykq4KfMSegVnS_klI7IKR4vje1D6YdLyA2czOGKUN0oJUq5cFn5Vu/pub"" title=""levar para link"">ATO N° 117/SEGJUD.GP, DE 17 DE MARÇO DE 2014</a>",https://drive.google.com/file/d/1CFAD00gp_VuvV_EqTeCfRMKxFt7uy1YV/view?usp=share_link,https://juslaboris.tst.jus.br/handle/20.500.12178/37020,"ATO N° 117/SEGJUD.GP, DE 17 DE MARÇO DE 2014",,,,
2014,3,10,,,,,,10 de Março de 2014,10/3/2014,"<a href="""" title=""levar para link"">  </a>",https://drive.google.com/file/d/1881EwZhuBRgXajFnXyqHTfX9Iqrp8nQ4/view?usp=share_link,https://juslaboris.tst.jus.br/handle/20.500.12178/36759,"ATO N° 98/SEGJUD.GP, DE 10 DE MARÇO DE 2014",,,,
2014,2,27,,,,,,27 de Fevereiro de 2014,27/2/2014,"<a href=""https://docs.google.com/document/d/e/2PACX-1vTS7SlFXHDV6_-pDfL09xVAdd3kHwjn44gIx5O8tdwQb9_XfvKpDzGDJ9q-akVLsM8efVTWnqr4U-JA/pub"" title=""levar para link""> ATO N° 88/SEGJUD.GP, DE 27 DE FEVEREIRO DE 2014 </a>",https://drive.google.com/file/d/1sYW20mpYOPLr8qokL4mMX7cldhMmjAdS/view?usp=share_link,https://juslaboris.tst.jus.br/,"ATO N° 88/SEGJUD.GP, DE 27 DE FEVEREIRO DE 2014",,,,
2014,2,3,,,,,,3 de Fevereiro de 2014,3/2/2014,"<a href=""https://docs.google.com/document/d/e/2PACX-1vTHZEkNuJZ_HLyq7mILp9SmuhTKpwjVG4b83uksQUId5HCcEdlcQUxGeXDFSYQNu8z6FXYFrdzNB222/pub"" title=""levar para link""> ATO N° 26/SEGJUD.GP, DE 3 DE FEVEREIRO DE 2014 </a>",https://drive.google.com/file/d/1qDI4DMaOlti782kmbFTYS4vmw9x9T47K/view?usp=share_link,https://juslaboris.tst.jus.br/handle/20.500.12178/35719,"ATO N° 26/SEGJUD.GP, DE 3 DE FEVEREIRO DE 2014",,,,
2013,7,30,,,,,,30 de Julho de 2013,30/07/2013,"<a href=""https://docs.google.com/document/d/e/2PACX-1vSJC5KCAjKWMlftWFkyeRJWG0abFEnUjVy5th8zDl1DYFFyr5asp03F_eB2DsU6YyC0-8cclIG7FYdN/pub"" title=""levar para link""> ATO N° 534/SEGJUD.GP, DE 30 DE JULHO DE 2013 </a>",https://drive.google.com/file/d/1iE3vT-P78jmvHQIxB_c5QcHmLRJbMd4n/view?usp=share_link,https://juslaboris.tst.jus.br/handle/20.500.12178/31579,"ATO N° 534/SEGJUD.GP, DE 30 DE JULHO DE 2013",,,,
2013,4,30,,,,,,30 de Abril de 2013,30/4/2013,"<a href=""https://docs.google.com/document/d/e/2PACX-1vSxZkMEGpSHSKHJAQbxk1Owa4txx8-VCdazkm_qZflolk-5BB6seHADmG1A-fHWLO3TxTQJ62jW3flp/pub"" title=""levar para link""> ATO N° 317/SEGJUD.GP, DE 30 DE ABRIL DE 2013 </a>",https://drive.google.com/file/d/1TxIiFaymYYJ9bQUoyHDTMcFzuv-y0RtV/view?usp=share_link,https://juslaboris.tst.jus.br/handle/20.500.12178/29982,"ATO N° 317/SEGJUD.GP, DE 30 DE ABRIL DE 2013",,,,
2013,3,13,,,,,,13 de Março de 2013,13/3/2013,"<a href=""https://docs.google.com/document/d/e/2PACX-1vQK5XsLnltp9ucr5WAlQziKZrD5gMwhEg20GbHh2_WnTE70M3Z9paU26nTeSjseP6W7TzCnOntf48lz/pub"" title=""levar para link""> ATO N° 204/SEGJUD.GP, DE 13 DE MARÇO DE 2013 </a>",https://drive.google.com/file/d/1bc-e_lgcPTQMGV8shakgoK7Io9BlcWoJ/view?usp=share_link,https://juslaboris.tst.jus.br/handle/20.500.12178/29297,"ATO N° 204/SEGJUD.GP, DE 13 DE MARÇO DE 2013",,,,
2013,2,4,,,,,,4 de Fevereiro de 2013,4/2/2013,"<a href=""https://docs.google.com/document/d/e/2PACX-1vTR2xn1X3egTsOFCkBGoD8OyeSXhXBdQrP9x28mU9tW7kezi5KoyD2Xnyj7Pb-j6f-nkrnsv5bJLoUW/pub"" title=""levar para link""> ATO N° 76/SEGJUD.GP, DE 04 DE FEVEREIRO DE 2013 </a>",https://drive.google.com/file/d/1y9f1AabTyrbUSsCnTpWSA_b6L73kYOYE/view?usp=share_link,https://juslaboris.tst.jus.br/handle/20.500.12178/28697,"ATO N° 76/SEGJUD.GP, DE 04 DE FEVEREIRO DE 2013",,,,
2012,11,20,,,,,,20 de Novembro de 2012,20/11/2012,"<a href=""https://docs.google.com/document/d/e/2PACX-1vTNZs4UNyDq3-_MEYtbL5wFD4Yw7IPjJjmHvya_uFRw3pMdpEM4mqZjgU2PSSA2mavEkqDtO48THa-2/pub"" title=""levar para link"">  ATO No 757/SEGJUD.GP, DE 20 DE NOVEMBRO DE 2012</a>",https://drive.google.com/file/d/1nq9Chux_F5H2qYaSzz_Asb1J9rkhCQfL/view?usp=share_link,https://juslaboris.tst.jus.br/handle/20.500.12178/27643,"ATO No 757/SEGJUD.GP, DE 20 DE NOVEMBRO DE 2012",,,,
2012,8,8,,,,,,8 de Agosto de 2012,8/8/2012,"<a href=""https://docs.google.com/document/d/e/2PACX-1vRm-O74gJfjV2vwChkY3Vbinwmbkbc7wSxEv8UmXWHVCwzp6UBrOaIpU7LNYFdm3bKKdZqzJQeDu_Qq/pub"" title=""levar para link"">  ATO N° 528/SEGJUD.GP, DE 8 DE AGOSTO DE 2012</a>",https://drive.google.com/file/d/1Wmdq0i7kaiAmytC1fWHlEhXBVK1FQewL/view?usp=share_link,https://juslaboris.tst.jus.br/handle/20.500.12178/26004,"ATO N° 528/SEGJUD.GP, DE 8 DE AGOSTO DE 2012",,,,
2012,7,16,,,,,,16 de Julho de 2012,16/07/2012,"<a href=""https://docs.google.com/document/d/e/2PACX-1vRTpzmhC_hyBmYdThBXcnucvgXWwPI_kcGCGjXoLQnvb7aewWlWNGRQwW9SmRJWJGhN11rBUjalzHdd/pub"" title=""levar para link""> ATO N° 487/SEGJUD.GP, DE 16 DE JULHO DE 2012 </a>",https://drive.google.com/file/d/1aR7huT-mX5nGHIQQWeWpW1XO1VNag3Aj/view?usp=share_link,https://juslaboris.tst.jus.br/handle/20.500.12178/25122,"ATO N° 487/SEGJUD.GP, DE 16 DE JULHO DE 2012",,,,
2012,6,19,,,,,,19 de Junho de 2012,19/06/2012,"<a href=""https://docs.google.com/document/d/e/2PACX-1vT8oQozOFuvlrYmibsViAHpgRTxUlYV8JwbV6tcVxkz4fLNeNL7G62S1AWHznBl9BazGv5TE1Yd6Sj-/pub"" title=""levar para link""> ATO N° 411/SEGJUD.GP, DE 19 DE JUNHO DE 2012 </a>",https://drive.google.com/file/d/1YITvSa6q5oP1ZfzWFbZGT5rhMP3voK4r/view?usp=share_link,https://juslaboris.tst.jus.br/handle/20.500.12178/24665,"ATO N° 411/SEGJUD.GP, DE 19 DE JUNHO DE 2012",,,,
2012,3,29,,,,,,29 de Março de 2012,29/03/2012,"<a href=""https://docs.google.com/document/d/e/2PACX-1vTHbEFZ9kZmg9jbyRZY55a2aVat1qzJwDNh-9I58KGjRu2EAadAnJU5hYj82M2oHqURcaFOpOrYKdjx/pub"" title=""levar para link""> ATO N° 224/SEGJUD.GP, DE 29 DE MARÇO DE 2012 </a>",https://drive.google.com/file/d/11ndQDuf90jYz7jgUiCoa7S4R8qGvRFjp/view?usp=share_link,https://juslaboris.tst.jus.br/handle/20.500.12178/21237,"ATO N° 224/SEGJUD.GP, DE 29 DE MARÇO DE 2012",,,,
2012,2,10,,,,,,10 de Fevereiro de 2012,10/2/2012,"<a href=""https://docs.google.com/document/d/e/2PACX-1vS2MlF5J9QTGuUJw30SEs6HD4K6Wb7a3qaPIssOofSMCTJvqxVLVpvosXmMlAYhcTSMvAKAfO72d6Kg/pub"" title=""levar para link""> ATO N° 92/SEGJUD.GP, DE 10 DE FEVEREIRO DE 2012 </a>",https://drive.google.com/file/d/1VamLTrMDBsollbOnX8d80lZahlpWk8zE/view?usp=share_link,https://juslaboris.tst.jus.br/handle/20.500.12178/19797,"ATO N° 92/SEGJUD.GP, DE 10 DE FEVEREIRO DE 2012",,,,
2011,8,16,,,,,,16 de Agosto de 2011,16/8/2011,"<a href=""https://docs.google.com/document/d/e/2PACX-1vQWf24-vZR4nlsH_7mcRQVaCJ1GCm6mfYy8tGrP_uUHuVMjos5i9sySvB9Csxkq7TKfJIwDRBXBeAoV/pub"" title=""levar para link""> ATO N° 511/SEGJUD.GP, DE 16 DE AGOSTO DE 2011 </a>",https://drive.google.com/file/d/1Fu7sj2nxopbEEOG3KMu7IYukVeWcr4yi/view?usp=share_link,https://juslaboris.tst.jus.br/handle/20.500.12178/15236,"ATO N° 511/SEGJUD.GP, DE 16 DE AGOSTO DE 2011",,,,
2011,3,17,,,,,,17 de Março de 2011,17/03/2011,"<a href=""https://docs.google.com/document/d/e/2PACX-1vQheTEfrwyxQ4Zts91CuRCtDAVwZ43lKuqq6l0hVCx9LfHNbeq_uZQFomHjXwNLHVCC3I-uuZjJDWjr/pub"" title=""levar para link""> ATO N° 175-A/SEGJUD.GP, DE 17 DE MARÇO DE 2011 </a>",https://drive.google.com/file/d/1g2npciZaLi3DKJ-hGD94RhNGBMZLFnfe/view?usp=share_link,https://juslaboris.tst.jus.br/handle/20.500.12178/11457,"ATO N° 175-A/SEGJUD.GP, DE 17 DE MARÇO DE 2011",,,,
2011,3,3,,,,,,3 de Março de 2011,3/3/2011,"<a href=""https://docs.google.com/document/d/e/2PACX-1vRORZBnIyMigwSkGirM11fopaajEmmHZZaEGZHXtrnD_9DH2OE64TKU3zuWvGLNuOnLBiuyljBsYAQ_/pub"" title=""levar para link""> ATO N° 127/SEJUD.GP, DE 3 DE MARÇO DE 2011 </a>",https://drive.google.com/file/d/1IH3oXM70raJgHAMbdJrsxE-fkd-8paG7/view?usp=share_link,https://juslaboris.tst.jus.br/handle/20.500.12178/11168,"ATO N° 127/SEJUD.GP, DE 3 DE MARÇO DE 2011",,,,
2011,1,10,,,,,,10 de Janeiro de 2011,10/1/2011,"<a href=""https://docs.google.com/document/d/e/2PACX-1vSIwr4OFUX15_NpP5-N6UhGUc0WC7aECyWtRiajmP453PGJfC2xkn90mlRJbeGJZNn5IbR-Q9FwWa7s/pub"" title=""levar para link""> ATO N° 008/SEJUD.GP, DE 10 DE JANEIRO DE 2011.</a>",https://drive.google.com/file/d/1CssMZqJPnxd_JufcbuL1TEUnGPMCd3HG/view?usp=share_link,https://juslaboris.tst.jus.br/handle/20.500.12178/10596,"ATO N° 008/SEJUD.GP, DE 10 DE JANEIRO DE 2011.",,,,
2010,9,3,,,,,,3 de Setembro de 2010,3/9/2010,"<a href=""https://docs.google.com/document/d/e/2PACX-1vQFrvH9xLa4fTNNObUnrKxzGqQIBnTVD4N_utdaJm1hJZxBkzm7YdclOX1mv8BEXjGs-xVps6lIaIXI/pub"" title=""levar para link""> ATO N° 422/SEJUD.GP, DE 03 DE SETEMBRO DE 2010.</a>",https://drive.google.com/file/d/1sbo6FnwOVy62ZzYBOlgtYIZAqB9ya5sb/view?usp=share_link,https://juslaboris.tst.jus.br/handle/20.500.12178/8270,"ATO N° 422/SEJUD.GP, DE 03 DE SETEMBRO DE 2010.",,,,
2010,8,17,,,,,,17 de Agosto de 2010,17/08/2010,"<a href=""https://docs.google.com/document/d/e/2PACX-1vQc4yTgKFJCHtx-RfPHBJD5FS5SD_UE_0rNiLBSh4ccNc6kEKpxMyI6qxr8U1-16Vn0Ebtmee5dAlFH/pub"" title=""levar para link""> ATO N° 391/SEJUD.GP, DE 17 DE AGOSTO DE 2010. </a>",https://drive.google.com/file/d/1RM-GAKwKHGEq6Dri4QU7GY0JiKwz_0B5/view?usp=share_link,https://juslaboris.tst.jus.br/handle/20.500.12178/7964,"ATO N° 391/SEJUD.GP, DE 17 DE AGOSTO DE 2010.",,,,
2010,8,2,,,,,,2 de Agosto de 2010,2/8/2010,"<a href=""https://docs.google.com/document/d/e/2PACX-1vR9F3VUUtPJA320W1pSk0u415Jd9IJ0uizGPE5xHsg3VzKevhchUH-AS89XxVGWy2VqrIufFXnn-31C/pub"" title=""levar para link""> ATO N° 353/SEJUD.GP, DE 02 DE AGOSTO DE 2010. </a>",https://drive.google.com/file/d/1KWIZ-XixqRtHFJ5U0uVFLznKhPp1tdFq/view?usp=share_link,https://juslaboris.tst.jus.br/handle/20.500.12178/7710,"ATO N° 353/SEJUD.GP, DE 02 DE AGOSTO DE 2010.",,,,
2010,4,30,,,,,,30 de Abril de 2010,30/04/2010,"<a href=""https://docs.google.com/document/d/e/2PACX-1vTl6dy5buD4lt4YFnkJz-emclU6OG4na12gkPTsfLuRb3JVcJRNxrNEGbAOaUabJKdj74_EJZkprQCH/pub"" title=""levar para link""> ATO N° 199/SEJUD.GP, DE 30 DE ABRIL DE 2010. </a>",https://drive.google.com/file/d/10A9hhPq3XlWgyKy7MticBNYOA5kR1JD5/view?usp=share_link,https://juslaboris.tst.jus.br/handle/20.500.12178/6650,"ATO N° 199/SEJUD.GP, DE 30 DE ABRIL DE 2010.",,,,
2010,4,8,,,,,,8 de Abril de 2010,8/4/2010,"<a href=""https://docs.google.com/document/d/e/2PACX-1vQWf24-vZR4nlsH_7mcRQVaCJ1GCm6mfYy8tGrP_uUHuVMjos5i9sySvB9Csxkq7TKfJIwDRBXBeAoV/pub"" title=""levar para link""> ATO N° 161/SEJUD.GP, DE 8 DE ABRIL DE 2010. </a>",https://drive.google.com/file/d/1KcDp9lLVg7MMWB_3QDXSvOCMhXeEEdTA/view?usp=share_link,https://juslaboris.tst.jus.br/handle/20.500.12178/6334,"ATO N° 161/SEJUD.GP, DE 8 DE ABRIL DE 2010.",,,,
2010,2,24,,,,,,24 de Fevereiro de 2010,24/02/2010,"<a href=""https://docs.google.com/document/d/e/2PACX-1vR1NndJ4AXJhEgvj3S--J_vC7oWmk6zzHAZZsrXIY0yCCrW--ScjuhkUrjh_cvDsVtSncc5q_MZUH7H/pub"" title=""levar para link""> ATO N° 74/SEJUD.GP, DE 24 DE FEVEREIRO DE 2010. </a>",https://drive.google.com/file/d/1tRqaioBShIo4nHMxYI1w-oY9FZ30sboE/view?usp=share_link,https://juslaboris.tst.jus.br/handle/20.500.12178/5777,"ATO N° 74/SEJUD.GP, DE 24 DE FEVEREIRO DE 2010.",,,,
2010,2,1,,,,,,1 de Fevereiro de 2010,1/2/2010,"<a href=""https://docs.google.com/document/d/e/2PACX-1vT1QDgpYA6PHGfcc-3q7PJAEHu6z3cF_d-0bnumiskQmiksaGEg1ExqZcAYGWZcCBRhysXREZcP2bpw/pub"" title=""levar para link""> ATO N° 35/ SEJUD.GP, DE 1° DE FEVEREIRO DE 2010. </a>",https://drive.google.com/file/d/1NO_FRJ59hwl_h-Uz3UBIItQ6_EA41aV6/view?usp=share_link,https://juslaboris.tst.jus.br/handle/20.500.12178/5470,"ATO N° 35/ SEJUD.GP, DE 1° DE FEVEREIRO DE 2010.",,,,
2009,12,14,,,,,,14 de Dezembro de 2009,14/12/2009,"<a href=""https://docs.google.com/document/d/e/2PACX-1vRaHi3AemUXcf-09ULVi_b-m24knReN_oUFFOa-FDOrhpYKp3qWx_CkYvcXa7kHA-vHuw-vQqLa0MzM/pub"" title=""levar para link""> ATO N° 749/SEJUD.GP, DE 14 DE DEZEMBRO DE 2009. </a>",https://drive.google.com/file/d/1c54gY2K5lQZJpajrz7AdM23Cv2b0BBMx/view?usp=share_link,https://juslaboris.tst.jus.br/handle/20.500.12178/5014,"ATO N° 749/SEJUD.GP, DE 14 DE DEZEMBRO DE 2009.",,,,
2009,9,8,,,,,,8 de Setembro de 2009,8/9/2009,"<a href=""https://docs.google.com/document/d/e/2PACX-1vRSg9dprUD98-XZ057shwvVPmhF3aMAnV4JaGTVarDmGpowQrtpeO6At5aglQuVzOBnHSK8tg673L3S/pub"" title=""levar para link""> ATO N° 515/SEJUD.GP, DE 8 DE SETEMBRO DE 2009. </a>",https://drive.google.com/file/d/133N-V_f1D9m0rb9f-0txw5Obw2mhjG2p/view?usp=share_link,https://juslaboris.tst.jus.br/handle/20.500.12178/3391,"ATO N° 515/SEJUD.GP, DE 8 DE SETEMBRO DE 2009.",,,,
2009,8,5,,,,,,5 de Agosto de 2009,5/8/2009,"<a href=""https://docs.google.com/document/d/e/2PACX-1vRp_1KpHow_RkiFyXxStqCVAfPAdyOeeh61t5QYZJIPB_-HMiaGZVe421RDSaJEK21fYEiFzJjODrxP/pub"" title=""levar para link"">ATO N° 462/SEJUD.GP, DE 05 DE AGOSTO DE 2009.</a>",https://drive.google.com/file/d/1FVfIHSaqH6pbzZ2UBFAuIHN1bkOT_6mM/view?usp=share_link,https://juslaboris.tst.jus.br/handle/20.500.12178/2830,"ATO N° 462/SEJUD.GP, DE 05 DE AGOSTO DE 2009.",,,,
2009,3,3,,,,,,3 de Março de 2009,3/3/2009,"<a href=""https://docs.google.com/document/d/e/2PACX-1vSN8OO1mTyDrMs0SA_2waZ4KnkUDe_JKbAn6QyZbMdpmZX28l-z9rVN5trTt-0pnZwS0t0tU2iLULny/pub"" title=""levar para link""> ATO N° 140/SETPOEDC.GP, DE 03 DE MARÇO DE 2009. </a>",https://drive.google.com/file/d/1QgsteoXqXps7Ctp6IcZK1ao5sXodYemF/view?usp=share_link,https://juslaboris.tst.jus.br/handle/20.500.12178/721,"ATO N° 140/SETPOEDC.GP, DE 03 DE MARÇO DE 2009.",,,,
2009,2,2,,,,,,2 de Fevereiro de 2009,2/2/2009,"<a href=""https://docs.google.com/document/d/e/2PACX-1vSF3dFUKGCoeq5TcBfNZvvlqetyWpEoeYDW7_aKRhyJ0zmeb5d7xxzqoyI0zy5mXmaK5LYZdqq0r8KA/pub"" title=""levar para link""> ATO N° 31/ SETPOEDC.GP, DE 2 DE FEVEREIRO DE 2009. </a>",https://drive.google.com/file/d/1y1oOMWWl4iPqxa1qaX8gTNRxVspf732g/view?usp=share_link,https://juslaboris.tst.jus.br/handle/20.500.12178/562,"ATO N° 31/ SETPOEDC.GP, DE 2 DE FEVEREIRO DE 2009.",,,,
2008,6,13,,,,,,13 de Junho de 2008,13/06/2008,"<a href=""https://docs.google.com/document/d/e/2PACX-1vTPSBOXWcMerqc_ZOHdjvwV5w_hWVOPovcg0ftQWHY6XcErO01PtLUTrw8z7FQvBIqaIufB6ykko9W7/pub"" title=""levar para link""> ATO SETPOEDC.GP N° 436/2008 </a>",https://drive.google.com/file/d/1NNT5dFi9LDiBUYmK0xFkyU0pkaAQ5UyV/view?usp=share_link,https://juslaboris.tst.jus.br/handle/20.500.12178/1393,ATO SETPOEDC.GP N° 436/2008,,,,
2008,3,27,,,,,,27 de Março de 2008,27/03/2008,"<a href=""https://docs.google.com/document/d/e/2PACX-1vTNexjqNTuYgiAetWboz0licI50vP1op2bmU3DnB4tgJevaioEUFQlrcNsAwtjTSO8dtjb3I4W0Mv0w/pub"" title=""levar para link""> ATO SETPOEDC.GP N° 244/2008 </a>",https://drive.google.com/file/d/1aP3icN146ZkLYawxIkZM-LmXH9P9Smzl/view?usp=share_link,https://juslaboris.tst.jus.br/handle/20.500.12178/1207,ATO SETPOEDC.GP N° 244/2008,,,,
2008,2,7,,,,,,7 de Fevereiro de 2008,7/02/2008,"<a href=""https://docs.google.com/document/d/e/2PACX-1vQooR8MoKHQkriWxxDp807n2shv_htUxYsp5w0nlhegFztlmE3bpeiF-SCoOxOSoB56cvwqc0poJgYQ/pub"" title=""levar para link"">ATO SETPOEDC.GP N° 109/2008</a>",https://drive.google.com/file/d/1KDL089pENHTfDNx5jxCbMPxut_QYPtUZ/view?usp=share_link,https://juslaboris.tst.jus.br/handle/20.500.12178/628,ATO SETPOEDC.GP N° 109/2008,,,,
2007,11,26,,,,,,26 de Novembro de 2007,26/11/2007,"<a href=""https://docs.google.com/document/d/e/2PACX-1vRexcWI8OSUgZv8i9BvSyVRpMjMf5d8AdgrfJVfaQxPRL6aGqOIqtEhTgDI8_SQUVxAsrDUKqfqqB6F/pub"" title=""levar para link"">ATO SETPDC.GP N° 700/2007  </a>",https://drive.google.com/file/d/1F9dsLHRIZn-BF_JR5Ibv_6fMBpwbECXA/view?usp=share_link,https://juslaboris.tst.jus.br/handle/20.500.12178/4182,ATO SETPDC.GP N° 700/2007,,,,
2007,10,9,,,,,,9 de Outubro de 2007,09/10/2007,"<a href=""https://docs.google.com/document/d/e/2PACX-1vQFrHWc82ZytK9H1KwS2amyghxL3AYO0hVPo9MyzbllB7gN63SU6xbLEDXf77FR8-erHBNhiDulc7Op/pub"" title=""levar para link""> ATO SETPDC.GP N° 511/2007 </a>",https://drive.google.com/file/d/1LqVWQ8NuF0xzxLccX1wG_2REVGvRFwqv/view?usp,https://juslaboris.tst.jus.br/handle/20.500.12178/4183,ATO SETPDC.GP N° 511/2007,,,,
2007,5,18,,,,,,18 de Maio de 2007,18/5/2007,"<a href=""https://docs.google.com/document/d/e/2PACX-1vQ524BFKiV51jcxb0N-yyMeO33WMKtrINzhcKKSTi0_QxYuOPRn4LYtrGuDtFV3YNLBZ8FJWg0VtPDm/pub"" title=""levar para link""> ATO GDGCJ.GP N° 166/2007 </a>",https://drive.google.com/file/d/16onMo2EvHHp_kehdFOCdInku4sjCSVlz/view?usp=share_link,https://juslaboris.tst.jus.br/handle/20.500.12178/607,ATO GDGCJ.GP N° 166/2007,,,,
2007,3,7,,,,,,7 de Março de 2007,7/3/2007,"<a href=""https://docs.google.com/document/d/e/2PACX-1vRSa6CfkyA0TzzNHnRc4bzXxqd9EYzOF0s1H7wYkhS2Hlk_ObROhqBhNfazPVaUrRMBwy-ccdwUtV_I/pub"" title=""levar para link""> ATO GDGCJ.GP N° 089/2007</a>",https://drive.google.com/file/d/1i_77awHfOff65-D4MGIeeA4aVT9omyD2/view?usp=share_link,https://juslaboris.tst.jus.br/handle/20.500.12178/621,ATO GDGCJ.GP N° 089/2007,,,,
2006,10,9,,,,,,9 de Outubro de 2006,9/10/2006,"<a href=""https://docs.google.com/document/d/e/2PACX-1vT-I5lLF-wtDGwS1WnIUowEzeM6CaoWXUnsH0Px6UCqUG_oKeesmwqRUDOGVMeP_7KP3gHvqV9eN84v/pub"" title=""levar para link"">ATO GDGCJ.GP N° 307/2006</a>",https://drive.google.com/file/d/1IIeiqb7lxbD_CBfH7GU4Kd4vWIFTIwYx/view?usp=share_link,https://juslaboris.tst.jus.br/handle/20.500.12178/5498,ATO GDGCJ.GP N° 307/2006,,,,
2006,4,26,,,,,,26 de Abril de 2006,26/4/2006,"<a href=""https://docs.google.com/document/d/e/2PACX-1vSyfq1ldc_heCjt37YiZ3iA5EY6ZZwMZSqsNjNAhFHNza7vViai5e35SdMS6SmGWaGIjTxY-FAiFdri/pub"" title=""levar para link""> ATO GDGCJ.GP N° 101/2006 </a>",https://drive.google.com/file/d/1CkX7KVn2l7aKSYjIbK449U4J81AzGTsu/view?usp=share_link,https://juslaboris.tst.jus.br/handle/20.500.12178/5181,ATO GDGCJ.GP N° 101/2006,,,,
2006,3,3,,,,,,3 de Março de 2006,3/3/2006,"<a href=""https://docs.google.com/document/d/e/2PACX-1vTEU4qzfZxuTjF6OnykGjYuyX6z-aVe1B9RzElIC55w7wx-w_urUvUYYVu-J9s1Pz20fRm0SmXKE0iH/pub"" title=""levar para link"">ATO GDGCJ.GP N° 24/2006</a>",https://drive.google.com/file/d/1jVGhgVVMJDcAJXI5zd4cFPadVuN9SD5K/view?usp=share_link,https://juslaboris.tst.jus.br/handle/20.500.12178/4394,ATO GDGCJ.GP N° 24/2006,,,,
2006,2,6,,,,,,6 de Fevereiro de 2006,6/2/2006,"<a href=""https://docs.google.com/document/d/e/2PACX-1vTxvYq-Co2bx1aL2AUxZPoJCV8thl0szOAH-wc-qN6ewHHhsWudt_1m_EF26gllaXBXF25OidAd1laA/pub"" title=""levar para link"">  ATO GDGCJ.GP N° 8 /2006</a>",https://drive.google.com/file/d/1R6QIEjvkEtgQJk3zuE18oGIT7OjZWYN6/view?usp=share_link,https://juslaboris.tst.jus.br/handle/20.500.12178/4013,ATO GDGCJ.GP N° 8 /2006,,,,
2005,2,3,,,,,,3 de Fevereiro de 2005,3/2/2005,"<a href=""https://docs.google.com/document/d/e/2PACX-1vS-UFhI1r0fcErFYbKxlSBeftAd5w-LsHpG1BcOYJOpq5GfQqW_9z-dg7DuuPKxkJz78733cWUKNDpu/pub"" title=""levar para link"">ATO N° 17/GDGCJ.GP, DE 3 DE FEVEREIRO DE 2005</a>",https://drive.google.com/file/d/16aYBFgOuRIk4IaLC7rgfqpwDrQkNwk6Z/view?usp=share_link,https://juslaboris.tst.jus.br/handle/20.500.12178/5431,"ATO N° 17/GDGCJ.GP, DE 3 DE FEVEREIRO DE 2005",,,,
2004,7,1,,,,,,1 de Julho de 2004,1/07/2004,"<a href=""https://docs.google.com/document/d/e/2PACX-1vTpvPBsH9WrlAW6VolHKSXRovM9HPDNv-ZKWC39k40MvvnUyeCuyGMkUNhHR61kLweI9pluOVpMBfvl/pub"" title=""levar para link""> ATO N° 347/GDGCJ.GP, DE 1° DE JULHO DE 2004 </a>",https://drive.google.com/file/d/1qphYotUck4l_AR1BjHy-ctHpCeKk8xOn/view?usp=share_link,https://juslaboris.tst.jus.br/handle/20.500.12178/4830?locale-attribute=fr,"ATO N° 347/GDGCJ.GP, DE 1° DE JULHO DE 2004",,,,
2004,4,14,,,,,,14 de Abril de 2004,14/04/2004,"<a href=""https://docs.google.com/document/d/e/2PACX-1vT2RlfhLGgBKeRtxY7b7FvhAgLN5YBbCUrmmMFqNfR5tU1VBhg1VrDtuZEpCNjscLf20rmy56XpRCX8/pub"" title=""levar para link"">ATO N° 159, DE 14 DE ABRIL DE 2004.</a>",https://drive.google.com/file/d/1HaSrJwy0i6Siq4xByJiRPMFQB_rNJZ-O/view?usp=share_link,https://juslaboris.tst.jus.br/handle/20.500.12178/4849,"ATO N° 159, DE 14 DE ABRIL DE 2004.",,,,